{
  "metadata": {
    "timestamp": "2026-02-05T20:32:16.564677",
    "model_pairs": [
      [
        "llama3:latest",
        "llama3:latest"
      ]
    ],
    "temperatures": [
      0.1,
      0.4,
      0.7,
      1.0,
      1.3
    ],
    "n_descriptions": 2,
    "n_concepts": 2
  },
  "results": {
    "llama3:latest+llama3:latest": {
      "by_temperature": {
        "0.1": {
          "avg_S": 0.09507017708190013,
          "avg_D": 0.25,
          "avg_E": 0.005208333333333333,
          "std_S": 0.08252920722915669,
          "std_D": 0.25
        },
        "0.4": {
          "avg_S": 0.23804010841406914,
          "avg_D": 0.25,
          "avg_E": 0.002380952380952381,
          "std_S": 0.05965360116072643,
          "std_D": 0.25
        },
        "0.7": {
          "avg_S": 0.16230631413375635,
          "avg_D": 0.5,
          "avg_E": 0.006331634278432622,
          "std_S": 0.019231008829836804,
          "std_D": 0.0
        },
        "1.0": {
          "avg_S": 0.21341100684816522,
          "avg_D": 0.75,
          "avg_E": 0.010499223290898717,
          "std_S": 0.03455316469473185,
          "std_D": 0.25
        },
        "1.3": {
          "avg_S": 0.19427751949833205,
          "avg_D": 0.25,
          "avg_E": 0.0047169811320754715,
          "std_S": 0.09310744857163289,
          "std_D": 0.25
        }
      },
      "by_concept": {
        "Clock": {
          "0.1": {
            "S": 0.17759938431105682,
            "D": 0.5,
            "E": 0.010416666666666666
          },
          "0.4": {
            "S": 0.1783865072533427,
            "D": 0.0,
            "E": 0.0
          },
          "0.7": {
            "S": 0.18153732296359315,
            "D": 0.5,
            "E": 0.005813953488372093
          },
          "1.0": {
            "S": 0.24796417154289707,
            "D": 0.5,
            "E": 0.007462686567164179
          },
          "1.3": {
            "S": 0.10117007092669916,
            "D": 0.0,
            "E": 0.0
          }
        },
        "Bicycle": {
          "0.1": {
            "S": 0.012540969852743444,
            "D": 0.0,
            "E": 0.0
          },
          "0.4": {
            "S": 0.2976937095747956,
            "D": 0.5,
            "E": 0.004761904761904762
          },
          "0.7": {
            "S": 0.14307530530391954,
            "D": 0.5,
            "E": 0.00684931506849315
          },
          "1.0": {
            "S": 0.17885784215343337,
            "D": 1.0,
            "E": 0.013535760014633254
          },
          "1.3": {
            "S": 0.28738496806996494,
            "D": 0.5,
            "E": 0.009433962264150943
          }
        }
      }
    }
  }
}